{
    "metrics": {
        "vus_max": {
            "value": 80,
            "min": 80,
            "max": 80
        },
        "http_reqs": {
            "count": 36001,
            "rate": 299.83051494614926
        },
        "http_req_blocked": {
            "p(95)": 0.011786,
            "p(99)": 0.024028,
            "avg": 0.008850393933501831,
            "min": 0.001749,
            "med": 0.007681,
            "max": 4.162753,
            "p(90)": 0.010152
        },
        "iterations": {
            "count": 36001,
            "rate": 299.83051494614926
        },
        "checks": {
            "passes": 72002,
            "fails": 0,
            "value": 1
        },
        "http_req_receiving": {
            "min": 0.019145,
            "med": 0.086416,
            "max": 4.507934,
            "p(90)": 0.124968,
            "p(95)": 0.143262,
            "p(99)": 0.20705,
            "avg": 0.09197896572317495
        },
        "http_req_failed": {
            "passes": 0,
            "fails": 36001,
            "thresholds": {
                "rate<0.05": false
            },
            "value": 0
        },
        "vus": {
            "value": 22,
            "min": 20,
            "max": 23
        },
        "http_req_sending": {
            "min": 0.005594,
            "med": 0.032404,
            "max": 2.063008,
            "p(90)": 0.043155,
            "p(95)": 0.050571,
            "p(99)": 0.076752,
            "avg": 0.03365987511457991
        },
        "iteration_duration": {
            "med": 69.430227,
            "max": 87.365851,
            "p(90)": 70.64201,
            "p(95)": 71.164223,
            "p(99)": 73.022375,
            "avg": 69.51304453554049,
            "min": 66.919432
        },
        "http_req_connecting": {
            "min": 0,
            "med": 0,
            "max": 1.288887,
            "p(90)": 0,
            "p(95)": 0,
            "p(99)": 0,
            "avg": 0.0004290127774228493
        },
        "data_sent": {
            "count": 11430960,
            "rate": 95201.53948859293
        },
        "http_req_duration{expected_response:true}": {
            "max": 34.961385,
            "p(90)": 19.475524,
            "p(95)": 19.936249,
            "p(99)": 21.577296,
            "avg": 18.561688523902063,
            "min": 16.624026,
            "med": 18.462486
        },
        "http_req_tls_handshaking": {
            "max": 0,
            "p(90)": 0,
            "p(95)": 0,
            "p(99)": 0,
            "avg": 0,
            "min": 0,
            "med": 0
        },
        "http_req_waiting": {
            "p(95)": 19.779045,
            "p(99)": 21.362559,
            "avg": 18.436049683064557,
            "min": 16.578558,
            "med": 18.338397,
            "max": 34.875592,
            "p(90)": 19.326315
        },
        "data_received": {
            "count": 98994143,
            "rate": 824462.2336141423
        },
        "http_req_duration": {
            "avg": 18.561688523902063,
            "min": 16.624026,
            "med": 18.462486,
            "max": 34.961385,
            "p(90)": 19.475524,
            "p(95)": 19.936249,
            "p(99)": 21.577296,
            "thresholds": {
                "p(95)<1500": false
            }
        }
    },
    "root_group": {
        "checks": {
            "status 200": {
                "name": "status 200",
                "path": "::status 200",
                "id": "fad9fa412b86fcb03bee97c80dcd61f1",
                "passes": 36001,
                "fails": 0
            },
            "no graphql errors": {
                "name": "no graphql errors",
                "path": "::no graphql errors",
                "id": "7c29382b2a87caa2e50f0d89170b649f",
                "passes": 36001,
                "fails": 0
            }
        },
        "name": "",
        "path": "",
        "id": "d41d8cd98f00b204e9800998ecf8427e",
        "groups": {}
    }
}