{
    "root_group": {
        "name": "",
        "path": "",
        "id": "d41d8cd98f00b204e9800998ecf8427e",
        "groups": {},
        "checks": {
                "status 200": {
                    "name": "status 200",
                    "path": "::status 200",
                    "id": "fad9fa412b86fcb03bee97c80dcd61f1",
                    "passes": 48001,
                    "fails": 0
                },
                "no graphql errors": {
                    "name": "no graphql errors",
                    "path": "::no graphql errors",
                    "id": "7c29382b2a87caa2e50f0d89170b649f",
                    "passes": 48001,
                    "fails": 0
                }
            }
    },
    "metrics": {
        "http_req_duration{expected_response:true}": {
            "min": 16.587931,
            "med": 18.354269,
            "max": 35.942276,
            "p(90)": 19.254653,
            "p(95)": 19.861629,
            "p(99)": 21.868956,
            "avg": 18.45914496816738
        },
        "vus": {
            "value": 28,
            "min": 27,
            "max": 30
        },
        "http_req_sending": {
            "p(95)": 0.049757,
            "p(99)": 0.07539,
            "avg": 0.030741995395929186,
            "min": 0.005017,
            "med": 0.029345,
            "max": 3.636792,
            "p(90)": 0.041765
        },
        "http_req_receiving": {
            "min": 0.011486,
            "med": 0.076182,
            "max": 2.315251,
            "p(90)": 0.112662,
            "p(95)": 0.13281,
            "p(99)": 0.211553,
            "avg": 0.08189025847378159
        },
        "http_req_tls_handshaking": {
            "min": 0,
            "med": 0,
            "max": 0,
            "p(90)": 0,
            "p(95)": 0,
            "p(99)": 0,
            "avg": 0
        },
        "http_req_duration": {
            "med": 18.354269,
            "max": 35.942276,
            "p(90)": 19.254653,
            "p(95)": 19.861629,
            "p(99)": 21.868956,
            "avg": 18.45914496816738,
            "min": 16.587931,
            "thresholds": {
                "p(95)<1500": false
            }
        },
        "http_req_blocked": {
            "p(99)": 0.024421,
            "avg": 0.007814027520259923,
            "min": 0.001387,
            "med": 0.006959,
            "max": 1.728159,
            "p(90)": 0.009691,
            "p(95)": 0.011604
        },
        "http_req_connecting": {
            "p(90)": 0,
            "p(95)": 0,
            "p(99)": 0,
            "avg": 0.00023469456886314862,
            "min": 0,
            "med": 0,
            "max": 0.674322
        },
        "data_sent": {
            "count": 15242100,
            "rate": 126943.54545990007
        },
        "http_reqs": {
            "count": 48001,
            "rate": 399.7754328879002
        },
        "http_req_waiting": {
            "p(99)": 21.620281,
            "avg": 18.34651271429776,
            "min": 16.547658,
            "med": 18.244077,
            "max": 35.848683,
            "p(90)": 19.116746,
            "p(95)": 19.692477
        },
        "data_received": {
            "count": 132290135,
            "rate": 1101775.9210521397
        },
        "http_req_failed": {
            "passes": 0,
            "fails": 48001,
            "thresholds": {
                "rate<0.05": false
            },
            "value": 0
        },
        "iteration_duration": {
            "min": 66.888873,
            "med": 69.236538,
            "max": 86.626397,
            "p(90)": 70.424645,
            "p(95)": 71.002725,
            "p(99)": 73.160028,
            "avg": 69.33559777246296
        },
        "iterations": {
            "count": 48001,
            "rate": 399.7754328879002
        },
        "checks": {
            "passes": 96002,
            "fails": 0,
            "value": 1
        },
        "vus_max": {
            "value": 80,
            "min": 80,
            "max": 80
        }
    }
}