{
    "root_group": {
        "id": "d41d8cd98f00b204e9800998ecf8427e",
        "groups": {},
        "checks": {
                "status 200": {
                    "fails": 0,
                    "name": "status 200",
                    "path": "::status 200",
                    "id": "fad9fa412b86fcb03bee97c80dcd61f1",
                    "passes": 24000
                },
                "no graphql errors": {
                    "name": "no graphql errors",
                    "path": "::no graphql errors",
                    "id": "7c29382b2a87caa2e50f0d89170b649f",
                    "passes": 24000,
                    "fails": 0
                }
            },
        "name": "",
        "path": ""
    },
    "metrics": {
        "http_req_waiting": {
            "max": 29.525788,
            "p(90)": 19.6453912,
            "p(95)": 19.97078745,
            "p(99)": 21.19695339,
            "avg": 18.76827478474998,
            "min": 16.625955,
            "med": 18.7248515
        },
        "data_received": {
            "rate": 544057.381014305,
            "count": 65323380
        },
        "http_req_receiving": {
            "avg": 0.10481610579166634,
            "min": 0.024626,
            "med": 0.1000275,
            "max": 2.769196,
            "p(90)": 0.14426280000000002,
            "p(95)": 0.16634319999999994,
            "p(99)": 0.2279558199999997
        },
        "vus": {
            "value": 15,
            "min": 13,
            "max": 15
        },
        "http_reqs": {
            "count": 24000,
            "rate": 199.888265799218
        },
        "vus_max": {
            "max": 80,
            "value": 80,
            "min": 80
        },
        "http_req_connecting": {
            "p(99)": 0,
            "avg": 0.0007365932916666664,
            "min": 0,
            "med": 0,
            "max": 0.35454,
            "p(90)": 0,
            "p(95)": 0
        },
        "checks": {
            "fails": 0,
            "passes": 48000,
            "value": 1
        },
        "data_sent": {
            "count": 7618350,
            "rate": 63450.78207297802
        },
        "http_req_tls_handshaking": {
            "avg": 0,
            "min": 0,
            "med": 0,
            "max": 0,
            "p(90)": 0,
            "p(95)": 0,
            "p(99)": 0
        },
        "iteration_duration": {
            "p(99)": 72.90949287999999,
            "avg": 69.92059267320825,
            "min": 67.082303,
            "med": 69.8800905,
            "max": 80.876543,
            "p(90)": 71.127719,
            "p(95)": 71.60428365
        },
        "iterations": {
            "count": 24000,
            "rate": 199.888265799218
        },
        "http_req_failed": {
            "passes": 0,
            "fails": 24000,
            "thresholds": {
                "rate<0.05": false
            },
            "value": 0
        },
        "http_req_duration": {
            "p(99)": 21.394185569999994,
            "avg": 18.91153808150011,
            "min": 16.672095,
            "med": 18.8693595,
            "max": 29.636919,
            "p(90)": 19.8243425,
            "p(95)": 20.1599276,
            "thresholds": {
                "p(95)<1500": false
            }
        },
        "http_req_sending": {
            "avg": 0.03844719095833321,
            "min": 0.005062,
            "med": 0.0368845,
            "max": 2.440339,
            "p(90)": 0.05037420000000003,
            "p(95)": 0.05853884999999999,
            "p(99)": 0.08633443999999976
        },
        "http_req_duration{expected_response:true}": {
            "avg": 18.91153808150011,
            "min": 16.672095,
            "med": 18.8693595,
            "max": 29.636919,
            "p(90)": 19.8243425,
            "p(95)": 20.1599276,
            "p(99)": 21.394185569999994
        },
        "http_req_blocked": {
            "p(90)": 0.011642100000000002,
            "p(95)": 0.013120099999999999,
            "p(99)": 0.028421139999999977,
            "avg": 0.010099489791666623,
            "min": 0.001638,
            "med": 0.008694,
            "max": 0.533375
        }
    }
}