{
    "metrics": {
        "http_reqs": {
            "count": 42001,
            "rate": 349.79900268473796
        },
        "http_req_waiting": {
            "min": 16.627417,
            "med": 18.304729,
            "max": 37.992376,
            "p(90)": 19.207012,
            "p(95)": 19.730351,
            "p(99)": 21.61119,
            "avg": 18.40596920568559
        },
        "http_req_tls_handshaking": {
            "p(99)": 0,
            "avg": 0,
            "min": 0,
            "med": 0,
            "max": 0,
            "p(90)": 0,
            "p(95)": 0
        },
        "http_req_blocked": {
            "med": 0.00742,
            "max": 0.91113,
            "p(90)": 0.009827,
            "p(95)": 0.011492,
            "p(99)": 0.023779,
            "avg": 0.008215738053855849,
            "min": 0.001521
        },
        "data_sent": {
            "count": 13334460,
            "rate": 111054.04179280328
        },
        "iteration_duration": {
            "avg": 69.43610942139514,
            "min": 66.835559,
            "med": 69.329363,
            "max": 89.580701,
            "p(90)": 70.498025,
            "p(95)": 71.125356,
            "p(99)": 73.29942
        },
        "data_received": {
            "count": 114973943,
            "rate": 957543.1679277137
        },
        "iterations": {
            "count": 42001,
            "rate": 349.79900268473796
        },
        "http_req_failed": {
            "passes": 0,
            "fails": 42001,
            "thresholds": {
                "rate<0.05": false
            },
            "value": 0
        },
        "http_req_receiving": {
            "p(95)": 0.135483,
            "p(99)": 0.198683,
            "avg": 0.08778746434608742,
            "min": 0.015753,
            "med": 0.082777,
            "max": 4.567306,
            "p(90)": 0.118502
        },
        "http_req_duration{expected_response:true}": {
            "med": 18.422227,
            "max": 38.073576,
            "p(90)": 19.354556,
            "p(95)": 19.889727,
            "p(99)": 21.81985,
            "avg": 18.52640387276483,
            "min": 16.67934
        },
        "http_req_connecting": {
            "p(95)": 0,
            "p(99)": 0,
            "avg": 0.00028376674364896074,
            "min": 0,
            "med": 0,
            "max": 0.308316,
            "p(90)": 0
        },
        "vus": {
            "min": 23,
            "max": 26,
            "value": 24
        },
        "checks": {
            "passes": 84002,
            "fails": 0,
            "value": 1
        },
        "http_req_duration": {
            "avg": 18.52640387276483,
            "min": 16.67934,
            "med": 18.422227,
            "max": 38.073576,
            "p(90)": 19.354556,
            "p(95)": 19.889727,
            "p(99)": 21.81985,
            "thresholds": {
                "p(95)<1500": false
            }
        },
        "http_req_sending": {
            "avg": 0.03264720273326852,
            "min": 0.004681,
            "med": 0.031587,
            "max": 2.380579,
            "p(90)": 0.042374,
            "p(95)": 0.050332,
            "p(99)": 0.074376
        },
        "vus_max": {
            "value": 80,
            "min": 80,
            "max": 80
        }
    },
    "root_group": {
        "groups": {},
        "checks": {
                "status 200": {
                    "name": "status 200",
                    "path": "::status 200",
                    "id": "fad9fa412b86fcb03bee97c80dcd61f1",
                    "passes": 42001,
                    "fails": 0
                },
                "no graphql errors": {
                    "name": "no graphql errors",
                    "path": "::no graphql errors",
                    "id": "7c29382b2a87caa2e50f0d89170b649f",
                    "passes": 42001,
                    "fails": 0
                }
            },
        "name": "",
        "path": "",
        "id": "d41d8cd98f00b204e9800998ecf8427e"
    }
}