{
    "metrics": {
        "http_req_failed": {
            "passes": 0,
            "fails": 18000,
            "thresholds": {
                "rate<0.05": false
            },
            "value": 0
        },
        "http_req_connecting": {
            "p(90)": 0,
            "p(95)": 0,
            "p(99)": 0,
            "avg": 0.0010327256666666663,
            "min": 0,
            "med": 0,
            "max": 0.378377
        },
        "vus_max": {
            "value": 80,
            "min": 80,
            "max": 80
        },
        "http_req_receiving": {
            "avg": 0.11744663911111052,
            "min": 0.022636,
            "med": 0.11141999999999999,
            "max": 3.234979,
            "p(90)": 0.1624352,
            "p(95)": 0.18670599999999998,
            "p(99)": 0.2495578399999997
        },
        "checks": {
            "passes": 36000,
            "fails": 0,
            "value": 1
        },
        "http_req_duration": {
            "p(99)": 21.48447648999998,
            "avg": 19.214558149388992,
            "min": 16.853112,
            "med": 19.226287,
            "max": 27.687242,
            "p(90)": 20.0934167,
            "p(95)": 20.4009782,
            "thresholds": {
                "p(95)<1500": false
            }
        },
        "http_req_sending": {
            "med": 0.038204,
            "max": 1.103178,
            "p(90)": 0.050909300000000005,
            "p(95)": 0.05794184999999999,
            "p(99)": 0.08752970999999972,
            "avg": 0.03966289361111104,
            "min": 0.008066
        },
        "http_req_waiting": {
            "avg": 19.05744861666657,
            "min": 16.789875,
            "med": 19.066494499999997,
            "max": 27.540857,
            "p(90)": 19.912370600000003,
            "p(95)": 20.21284395,
            "p(99)": 21.276501549999995
        },
        "vus": {
            "value": 11,
            "min": 10,
            "max": 11
        },
        "data_received": {
            "count": 49737396,
            "rate": 414255.79239147395
        },
        "iterations": {
            "rate": 149.9194743336891,
            "count": 18000
        },
        "http_req_tls_handshaking": {
            "avg": 0,
            "min": 0,
            "med": 0,
            "max": 0,
            "p(90)": 0,
            "p(95)": 0,
            "p(99)": 0
        },
        "iteration_duration": {
            "max": 81.612377,
            "p(90)": 71.5835225,
            "p(95)": 71.87605965,
            "p(99)": 72.98322319,
            "avg": 70.44936757444486,
            "min": 67.162904,
            "med": 70.50992450000001
        },
        "http_reqs": {
            "count": 18000,
            "rate": 149.9194743336891
        },
        "data_sent": {
            "count": 5716070,
            "rate": 47608.34498080946
        },
        "http_req_blocked": {
            "avg": 0.011106067666666691,
            "min": 0.002105,
            "med": 0.00929,
            "max": 0.549143,
            "p(90)": 0.0123551,
            "p(95)": 0.01396205,
            "p(99)": 0.029067339999999945
        },
        "http_req_duration{expected_response:true}": {
            "p(95)": 20.4009782,
            "p(99)": 21.48447648999998,
            "avg": 19.214558149388992,
            "min": 16.853112,
            "med": 19.226287,
            "max": 27.687242,
            "p(90)": 20.0934167
        }
    },
    "root_group": {
        "path": "",
        "id": "d41d8cd98f00b204e9800998ecf8427e",
        "groups": {},
        "checks": {
                "status 200": {
                    "name": "status 200",
                    "path": "::status 200",
                    "id": "fad9fa412b86fcb03bee97c80dcd61f1",
                    "passes": 18000,
                    "fails": 0
                },
                "no graphql errors": {
                    "passes": 18000,
                    "fails": 0,
                    "name": "no graphql errors",
                    "path": "::no graphql errors",
                    "id": "7c29382b2a87caa2e50f0d89170b649f"
                }
            },
        "name": ""
    }
}