{
    "root_group": {
        "name": "",
        "path": "",
        "id": "d41d8cd98f00b204e9800998ecf8427e",
        "groups": {},
        "checks": {
                "status 200": {
                    "name": "status 200",
                    "path": "::status 200",
                    "id": "fad9fa412b86fcb03bee97c80dcd61f1",
                    "passes": 30001,
                    "fails": 0
                },
                "no graphql errors": {
                    "path": "::no graphql errors",
                    "id": "7c29382b2a87caa2e50f0d89170b649f",
                    "passes": 30001,
                    "fails": 0,
                    "name": "no graphql errors"
                }
            }
    },
    "metrics": {
        "http_reqs": {
            "count": 30001,
            "rate": 249.85976855350287
        },
        "http_req_blocked": {
            "p(99)": 0.021931,
            "avg": 0.008738449618345984,
            "min": 0.001262,
            "med": 0.007799,
            "max": 0.9818,
            "p(90)": 0.010511,
            "p(95)": 0.012053
        },
        "data_sent": {
            "count": 9524620,
            "rate": 79324.66746975316
        },
        "iteration_duration": {
            "med": 69.605531,
            "max": 84.873003,
            "p(90)": 70.825288,
            "p(95)": 71.265935,
            "p(99)": 72.998123,
            "avg": 69.6124448460052,
            "min": 66.841537
        },
        "vus_max": {
            "value": 80,
            "min": 80,
            "max": 80
        },
        "http_req_connecting": {
            "p(90)": 0,
            "p(95)": 0,
            "p(99)": 0,
            "avg": 0.0004645077497416754,
            "min": 0,
            "med": 0,
            "max": 0.367858
        },
        "checks": {
            "fails": 0,
            "passes": 60002,
            "value": 1
        },
        "http_req_failed": {
            "passes": 0,
            "fails": 30001,
            "thresholds": {
                "rate<0.05": false
            },
            "value": 0
        },
        "iterations": {
            "rate": 249.85976855350287,
            "count": 30001
        },
        "http_req_duration": {
            "p(95)": 19.98031,
            "p(99)": 21.560976,
            "avg": 18.621987925902577,
            "min": 16.636522,
            "med": 18.555736,
            "max": 33.884871,
            "p(90)": 19.566399,
            "thresholds": {
                "p(95)<1500": false
            }
        },
        "http_req_tls_handshaking": {
            "p(90)": 0,
            "p(95)": 0,
            "p(99)": 0,
            "avg": 0,
            "min": 0,
            "med": 0,
            "max": 0
        },
        "vus": {
            "max": 19,
            "value": 18,
            "min": 17
        },
        "http_req_duration{expected_response:true}": {
            "min": 16.636522,
            "med": 18.555736,
            "max": 33.884871,
            "p(90)": 19.566399,
            "p(95)": 19.98031,
            "p(99)": 21.560976,
            "avg": 18.621987925902577
        },
        "http_req_sending": {
            "avg": 0.03437453528215706,
            "min": 0.0058,
            "med": 0.033347,
            "max": 2.97163,
            "p(90)": 0.044963,
            "p(95)": 0.052184,
            "p(99)": 0.077834
        },
        "http_req_receiving": {
            "avg": 0.09355847628412386,
            "min": 0.019349,
            "med": 0.088321,
            "max": 4.751508,
            "p(90)": 0.130369,
            "p(95)": 0.150784,
            "p(99)": 0.213219
        },
        "data_received": {
            "count": 82097591,
            "rate": 683740.0448671757
        },
        "http_req_waiting": {
            "avg": 18.494054914336214,
            "min": 16.595262,
            "med": 18.427068,
            "max": 33.715341,
            "p(90)": 19.408813,
            "p(95)": 19.801079,
            "p(99)": 21.326286
        }
    }
}