{
    "metrics": {
        "iteration_duration": {
            "min": 67.683211,
            "med": 71.786503,
            "max": 77.18342,
            "p(90)": 72.785475,
            "p(95)": 73.099031,
            "p(99)": 73.775647,
            "avg": 71.5992726153975
        },
        "http_req_failed": {
            "passes": 0,
            "fails": 6001,
            "thresholds": {
                "rate<0.05": false
            },
            "value": 0
        },
        "data_received": {
            "count": 16628951,
            "rate": 138489.62616789178
        },
        "http_reqs": {
            "count": 6001,
            "rate": 49.97767126943357
        },
        "checks": {
            "passes": 12002,
            "fails": 0,
            "value": 1
        },
        "vus_max": {
            "value": 80,
            "min": 80,
            "max": 80
        },
        "http_req_connecting": {
            "med": 0,
            "max": 0.521133,
            "p(90)": 0,
            "p(95)": 0,
            "p(99)": 0.272917,
            "avg": 0.0043658303616064004,
            "min": 0
        },
        "data_sent": {
            "rate": 15872.095560525227,
            "count": 1905820
        },
        "http_req_waiting": {
            "avg": 20.002216301949723,
            "min": 17.269657,
            "med": 20.164645,
            "max": 25.892296,
            "p(90)": 20.897441,
            "p(95)": 21.179859,
            "p(99)": 21.7914
        },
        "http_req_duration": {
            "min": 17.350171,
            "med": 20.355287,
            "max": 26.0635,
            "p(90)": 21.095011,
            "p(95)": 21.381464,
            "p(99)": 21.995558,
            "avg": 20.18950551558069,
            "thresholds": {
                "p(95)<1500": false
            }
        },
        "http_req_blocked": {
            "med": 0.012212,
            "max": 0.687864,
            "p(90)": 0.015691,
            "p(95)": 0.017708,
            "p(99)": 0.388377,
            "avg": 0.01845294317613726,
            "min": 0.003349
        },
        "http_req_sending": {
            "min": 0.01055,
            "med": 0.050206,
            "max": 0.398022,
            "p(90)": 0.066936,
            "p(95)": 0.076954,
            "p(99)": 0.143594,
            "avg": 0.05233071354774216
        },
        "http_req_tls_handshaking": {
            "med": 0,
            "max": 0,
            "p(90)": 0,
            "p(95)": 0,
            "p(99)": 0,
            "avg": 0,
            "min": 0
        },
        "vus": {
            "value": 4,
            "min": 3,
            "max": 4
        },
        "http_req_duration{expected_response:true}": {
            "max": 26.0635,
            "p(90)": 21.095011,
            "p(95)": 21.381464,
            "p(99)": 21.995558,
            "avg": 20.18950551558069,
            "min": 17.350171,
            "med": 20.355287
        },
        "iterations": {
            "count": 6001,
            "rate": 49.97767126943357
        },
        "http_req_receiving": {
            "avg": 0.1349585000833191,
            "min": 0.041806,
            "med": 0.128632,
            "max": 0.917845,
            "p(90)": 0.177518,
            "p(95)": 0.210426,
            "p(99)": 0.284793
        }
    },
    "root_group": {
        "path": "",
        "id": "d41d8cd98f00b204e9800998ecf8427e",
        "groups": {},
        "checks": {
                "status 200": {
                    "path": "::status 200",
                    "id": "fad9fa412b86fcb03bee97c80dcd61f1",
                    "passes": 6001,
                    "fails": 0,
                    "name": "status 200"
                },
                "no graphql errors": {
                    "fails": 0,
                    "name": "no graphql errors",
                    "path": "::no graphql errors",
                    "id": "7c29382b2a87caa2e50f0d89170b649f",
                    "passes": 6001
                }
            },
        "name": ""
    }
}