{
    "metrics": {
        "iteration_duration": {
            "p(95)": 72.517831,
            "p(99)": 73.311952,
            "avg": 70.7985091137405,
            "min": 67.272059,
            "med": 70.784386,
            "max": 76.026511,
            "p(90)": 72.146684
        },
        "iterations": {
            "count": 12001,
            "rate": 99.94738480590095
        },
        "http_req_blocked": {
            "med": 0.010617,
            "max": 0.767302,
            "p(90)": 0.014128,
            "p(95)": 0.015833,
            "p(99)": 0.052241,
            "avg": 0.013708007332722255,
            "min": 0.002554
        },
        "http_req_tls_handshaking": {
            "p(99)": 0,
            "avg": 0,
            "min": 0,
            "med": 0,
            "max": 0,
            "p(90)": 0,
            "p(95)": 0
        },
        "http_req_waiting": {
            "p(90)": 20.454129,
            "p(95)": 20.730709,
            "p(99)": 21.464199,
            "avg": 19.489835789934187,
            "min": 16.942867,
            "med": 19.524543,
            "max": 23.918579
        },
        "http_req_duration{expected_response:true}": {
            "avg": 19.663815794600435,
            "min": 17.015608,
            "med": 19.707365,
            "max": 24.124095,
            "p(90)": 20.643375,
            "p(95)": 20.927753,
            "p(99)": 21.654662
        },
        "http_req_receiving": {
            "avg": 0.12856678593450585,
            "min": 0.032767,
            "med": 0.120687,
            "max": 1.439942,
            "p(90)": 0.179378,
            "p(95)": 0.212002,
            "p(99)": 0.277749
        },
        "data_sent": {
            "count": 3810520,
            "rate": 31734.981147452854
        },
        "vus_max": {
            "min": 80,
            "max": 80,
            "value": 80
        },
        "checks": {
            "passes": 24002,
            "fails": 0,
            "value": 1
        },
        "http_req_sending": {
            "max": 2.202393,
            "p(90)": 0.059218,
            "p(95)": 0.068015,
            "p(99)": 0.11478,
            "avg": 0.0454132187317723,
            "min": 0.007533,
            "med": 0.042948
        },
        "http_req_connecting": {
            "p(90)": 0,
            "p(95)": 0,
            "p(99)": 0,
            "avg": 0.0018444089659195063,
            "min": 0,
            "med": 0,
            "max": 0.54725
        },
        "http_req_failed": {
            "passes": 0,
            "fails": 12001,
            "thresholds": {
                "rate<0.05": false
            },
            "value": 0
        },
        "http_reqs": {
            "count": 12001,
            "rate": 99.94738480590095
        },
        "data_received": {
            "count": 32996111,
            "rate": 274800.0169331907
        },
        "vus": {
            "min": 6,
            "max": 8,
            "value": 8
        },
        "http_req_duration": {
            "min": 17.015608,
            "med": 19.707365,
            "max": 24.124095,
            "p(90)": 20.643375,
            "p(95)": 20.927753,
            "p(99)": 21.654662,
            "avg": 19.663815794600435,
            "thresholds": {
                "p(95)<1500": false
            }
        }
    },
    "root_group": {
        "name": "",
        "path": "",
        "id": "d41d8cd98f00b204e9800998ecf8427e",
        "groups": {},
        "checks": {
                "status 200": {
                    "fails": 0,
                    "name": "status 200",
                    "path": "::status 200",
                    "id": "fad9fa412b86fcb03bee97c80dcd61f1",
                    "passes": 12001
                },
                "no graphql errors": {
                    "path": "::no graphql errors",
                    "id": "7c29382b2a87caa2e50f0d89170b649f",
                    "passes": 12001,
                    "fails": 0,
                    "name": "no graphql errors"
                }
            }
    }
}