{
    "root_group": {
        "path": "",
        "id": "d41d8cd98f00b204e9800998ecf8427e",
        "groups": {},
        "checks": {
                "status is 200": {
                    "path": "::status is 200",
                    "id": "6210a8cd14cd70477eba5c5e4cb3fb5f",
                    "passes": 12001,
                    "fails": 0,
                    "name": "status is 200"
                },
                "graphql has no errors": {
                    "id": "a51792f93b5c8e532ce92a5e740eaace",
                    "passes": 12001,
                    "fails": 0,
                    "name": "graphql has no errors",
                    "path": "::graphql has no errors"
                }
            },
        "name": ""
    },
    "metrics": {
        "iteration_duration": {
            "p(99)": 153.360498,
            "avg": 95.83222800516593,
            "min": 2.888442,
            "med": 121.058439,
            "max": 167.4348,
            "p(90)": 137.684784,
            "p(95)": 144.432777
        },
        "data_sent": {
            "count": 6339112,
            "rate": 19926.63702548549
        },
        "iterations": {
            "count": 12001,
            "rate": 37.7244590319356
        },
        "http_reqs": {
            "rate": 37.7244590319356,
            "count": 12001
        },
        "checks": {
            "fails": 0,
            "passes": 24002,
            "thresholds": {
                "rate>0.98": false
            },
            "value": 1
        },
        "http_req_duration": {
            "med": 19.937484,
            "max": 66.329949,
            "p(90)": 36.313096,
            "p(95)": 43.210161,
            "p(99)": 52.04294,
            "avg": 19.859756621781465,
            "min": 2.613065,
            "thresholds": {
                "p(95)<500": false,
                "p(99)<1000": false
            }
        },
        "http_req_sending": {
            "avg": 0.057956951004082866,
            "min": 0.017948,
            "med": 0.055328,
            "max": 2.936874,
            "p(90)": 0.071886,
            "p(95)": 0.080947,
            "p(99)": 0.130605
        },
        "http_req_waiting": {
            "p(90)": 36.064342,
            "p(95)": 42.969796,
            "p(99)": 51.864165,
            "avg": 19.636064238813383,
            "min": 2.48203,
            "med": 19.695586,
            "max": 66.177945
        },
        "http_req_receiving": {
            "p(99)": 0.55112,
            "avg": 0.16573543196400276,
            "min": 0.050035,
            "med": 0.149168,
            "max": 2.501162,
            "p(90)": 0.227099,
            "p(95)": 0.282626
        },
        "vus_max": {
            "min": 90,
            "max": 90,
            "value": 90
        },
        "http_req_tls_handshaking": {
            "avg": 0,
            "min": 0,
            "med": 0,
            "max": 0,
            "p(90)": 0,
            "p(95)": 0,
            "p(99)": 0
        },
        "http_req_connecting": {
            "max": 1.868919,
            "p(90)": 0,
            "p(95)": 0,
            "p(99)": 0,
            "avg": 0.0011610004999583368,
            "min": 0,
            "med": 0
        },
        "data_received": {
            "count": 4976467,
            "rate": 15643.240185424502
        },
        "http_req_blocked": {
            "med": 0.013223,
            "max": 2.264666,
            "p(90)": 0.016794,
            "p(95)": 0.018755,
            "p(99)": 0.038269,
            "avg": 0.015560930922423135,
            "min": 0.004796
        },
        "vus": {
            "value": 0,
            "min": 0,
            "max": 5
        },
        "http_req_failed": {
            "passes": 0,
            "fails": 12001,
            "thresholds": {
                "rate<0.02": false
            },
            "value": 0
        },
        "http_req_duration{expected_response:true}": {
            "p(99)": 52.04294,
            "avg": 19.859756621781465,
            "min": 2.613065,
            "med": 19.937484,
            "max": 66.329949,
            "p(90)": 36.313096,
            "p(95)": 43.210161
        }
    }
}