{
    "root_group": {
        "name": "",
        "path": "",
        "id": "d41d8cd98f00b204e9800998ecf8427e",
        "groups": {},
        "checks": {
                "status is 200": {
                    "passes": 76199,
                    "fails": 0,
                    "name": "status is 200",
                    "path": "::status is 200",
                    "id": "6210a8cd14cd70477eba5c5e4cb3fb5f"
                },
                "graphql has no errors": {
                    "path": "::graphql has no errors",
                    "id": "a51792f93b5c8e532ce92a5e740eaace",
                    "passes": 76199,
                    "fails": 0,
                    "name": "graphql has no errors"
                }
            }
    },
    "metrics": {
        "http_req_duration": {
            "avg": 19.306224280042837,
            "min": 17.171842,
            "med": 19.225761,
            "max": 82.075998,
            "p(90)": 20.195924400000003,
            "p(95)": 20.5532935,
            "p(99)": 21.507755180000004,
            "thresholds": {
                "p(95)<500": false,
                "p(99)<1000": false
            }
        },
        "http_req_failed": {
            "passes": 0,
            "fails": 76199,
            "thresholds": {
                "rate<0.02": false
            },
            "value": 0
        },
        "iteration_duration": {
            "p(99)": 122.91154548000002,
            "avg": 120.32966466052025,
            "min": 117.568404,
            "med": 120.24004,
            "max": 182.784805,
            "p(90)": 121.441113,
            "p(95)": 121.85258169999999
        },
        "data_received": {
            "count": 37727008,
            "rate": 5635.6626754222225
        },
        "http_req_receiving": {
            "p(90)": 0.17005379999999998,
            "p(95)": 0.19932979999999995,
            "p(99)": 0.3522775800000003,
            "avg": 0.12692371941889,
            "min": 0.028324,
            "med": 0.114031,
            "max": 3.200892
        },
        "checks": {
            "passes": 152398,
            "fails": 0,
            "thresholds": {
                "rate>0.98": false
            },
            "value": 1
        },
        "vus": {
            "min": 0,
            "max": 30,
            "value": 0
        },
        "iterations": {
            "count": 76199,
            "rate": 11.382611104609673
        },
        "http_req_sending": {
            "max": 2.620722,
            "p(90)": 0.0610662,
            "p(95)": 0.07079669999999993,
            "p(99)": 0.11486406,
            "avg": 0.046900739904723016,
            "min": 0.011794,
            "med": 0.042678
        },
        "http_req_connecting": {
            "avg": 0.0003125247969133452,
            "min": 0,
            "med": 0,
            "max": 0.978389,
            "p(90)": 0,
            "p(95)": 0,
            "p(99)": 0
        },
        "http_reqs": {
            "count": 76199,
            "rate": 11.382611104609673
        },
        "data_sent": {
            "count": 37092752,
            "rate": 5540.917476813772
        },
        "vus_max": {
            "value": 70,
            "min": 70,
            "max": 70
        },
        "http_req_duration{expected_response:true}": {
            "max": 82.075998,
            "p(90)": 20.195924400000003,
            "p(95)": 20.5532935,
            "p(99)": 21.507755180000004,
            "avg": 19.306224280042837,
            "min": 17.171842,
            "med": 19.225761
        },
        "http_req_blocked": {
            "p(95)": 0.01577719999999998,
            "p(99)": 0.0322060000000002,
            "avg": 0.011803067848659343,
            "min": 0.003189,
            "med": 0.010257,
            "max": 1.336898,
            "p(90)": 0.013994
        },
        "http_req_tls_handshaking": {
            "max": 0,
            "p(90)": 0,
            "p(95)": 0,
            "p(99)": 0,
            "avg": 0,
            "min": 0,
            "med": 0
        },
        "http_req_waiting": {
            "p(90)": 19.992633599999998,
            "p(95)": 20.3379711,
            "p(99)": 21.275144280000006,
            "avg": 19.132399820719595,
            "min": 17.106034,
            "med": 19.057365,
            "max": 81.964823
        }
    }
}